feature,coefficient
yield_10y,-6.5634190998579465
S_CB_3m,1.9478845133702036
debt_gdp,-1.300184161922387
reserves_months,1.2142521094779428
S_MKT_3m,1.1984078738401713
gdp_growth,-0.3333464826195158
delta_bond_3m,0.08041629409286441
delta_fx_3m,-0.032808613578120094
